"H","V","E","low_bound","high_bound","method","reps","alpha","runtime","runtime_scaled","P","TP","FN","N","TN","FP"
10,500,0.3775,0.05,0.95,"M4",1000,0.05,123.625,0.0618125,1000,878,122,1000,965,35
10,500,0.3775,0.05,0.95,"M4b",1000,0.05,123.988,0.061994,1000,853,147,1000,979,21
10,500,0.3775,0.05,0.95,"M5",1000,0.05,49.258,0.024629,1000,933,67,1000,946,54
10,500,0.3775,0.05,0.95,"M6",1000,0.05,110.831,0.0554155,1000,931,69,1000,950,50
10,500,0.3775,0.05,0.95,"M7",1000,0.05,95.629,0.0478145,992,983,9,992,821,171
10,500,0.3775,0.05,0.95,"M7b",1000,0.05,95.1969999999999,0.0475985,991,976,15,997,863,134
