"H","V","E","low_bound","high_bound","method","reps","alpha","runtime","runtime_scaled","P","TP","FN","N","TN","FP"
100,500,0.8675,0.05,0.95,"M4",1000,0.05,5822.072,2.911036,1000,996,4,1000,957,43
100,500,0.8675,0.05,0.95,"M4b",1000,0.05,5516.343,2.7581715,1000,992,8,1000,962,38
100,500,0.8675,0.05,0.95,"M5",1000,0.05,1446.729,0.723364500000001,1000,1000,0,1000,940,60
100,500,0.8675,0.05,0.95,"M6",1000,0.05,3150.413,1.5752065,1000,998,2,1000,941,59
100,500,0.8675,0.05,0.95,"M7",1000,0.05,4399.823,2.1999115,990,990,0,1000,840,160
100,500,0.8675,0.05,0.95,"M7b",1000,0.05,4406.228,2.203114,977,977,0,997,868,129
