"H","V","E","low_bound","high_bound","method","reps","alpha","runtime","runtime_scaled","P","TP","FN","N","TN","FP"
100,65,0.5,0.05,0.95,"M4",1000,0.05,1486.021,0.7430105,1000,900,100,1000,960,40
100,65,0.5,0.05,0.95,"M4b",1000,0.05,1511.026,0.755513,939,863,76,917,904,13
100,65,0.5,0.05,0.95,"M5",1000,0.05,73.8180000000002,0.0369090000000001,1000,963,37,1000,954,46
100,65,0.5,0.05,0.95,"M6",1000,0.05,161.796,0.0808980000000001,1000,957,43,1000,969,31
100,65,0.5,0.05,0.95,"M7",1000,0.05,1574.12,0.78706,996,969,27,996,822,174
100,65,0.5,0.05,0.95,"M7b",1000,0.05,1607.414,0.803707,918,901,17,922,813,109
