"H","V","E","low_bound","high_bound","method","reps","alpha","runtime","runtime_scaled","P","TP","FN","N","TN","FP"
14,108,0.6225,0.05,0.95,"M4",1000,0.05,372.567,0.1862835,1000,918,82,1000,967,33
14,108,0.6225,0.05,0.95,"M4b",1000,0.05,371.458,0.185729,986,908,78,983,960,23
14,108,0.6225,0.05,0.95,"M5",1000,0.05,48.4259999999999,0.024213,1000,943,57,1000,960,40
14,108,0.6225,0.05,0.95,"M6",1000,0.05,102.288,0.051144,1000,950,50,1000,957,43
14,108,0.6225,0.05,0.95,"M7",1000,0.05,361.175,0.1805875,975,964,11,983,830,153
14,108,0.6225,0.05,0.95,"M7b",1000,0.05,361.147,0.1805735,957,947,10,954,827,127
