"H","V","E","low_bound","high_bound","method","reps","alpha","runtime","runtime_scaled","P","TP","FN","N","TN","FP"
68,65,0.5,0.05,0.95,"M4",1000,0.05,1573.251,0.7866255,1000,899,101,1000,959,41
68,65,0.5,0.05,0.95,"M4b",1000,0.05,1594.158,0.797079,921,856,65,909,881,28
68,65,0.5,0.05,0.95,"M5",1000,0.05,104.512,0.0522560000000001,1000,948,52,1000,960,40
68,65,0.5,0.05,0.95,"M6",1000,0.05,233.269,0.1166345,1000,953,47,1000,959,41
68,65,0.5,0.05,0.95,"M7",1000,0.05,1652.706,0.826353,992,954,38,997,826,171
68,65,0.5,0.05,0.95,"M7b",1000,0.05,1694.369,0.8471845,925,899,26,924,817,107
