"H","V","E","low_bound","high_bound","method","reps","alpha","runtime","runtime_scaled","P","TP","FN","N","TN","FP"
4,300,0.3775,0.05,0.95,"M4",1000,0.05,129.076,0.064538,1000,845,155,1000,985,15
4,300,0.3775,0.05,0.95,"M4b",1000,0.05,129.392,0.064696,1000,840,160,1000,982,18
4,300,0.3775,0.05,0.95,"M5",1000,0.05,40.828,0.020414,1000,886,114,1000,958,42
4,300,0.3775,0.05,0.95,"M6",1000,0.05,85.948,0.042974,1000,873,127,1000,946,54
4,300,0.3775,0.05,0.95,"M7",1000,0.05,115.393,0.0576965,962,937,25,973,830,143
4,300,0.3775,0.05,0.95,"M7b",1000,0.05,115.743,0.0578715,955,939,16,968,794,174
