"H","V","E","low_bound","high_bound","method","reps","alpha","runtime","runtime_scaled","P","TP","FN","N","TN","FP"
68,83,0.5,0.05,0.95,"M4",1000,0.05,552.841,0.2764205,1000,910,90,1000,958,42
68,83,0.5,0.05,0.95,"M4b",1000,0.05,561.649,0.2808245,963,864,99,937,915,22
68,83,0.5,0.05,0.95,"M5",1000,0.05,51.875,0.0259375,1000,945,55,1000,958,42
68,83,0.5,0.05,0.95,"M6",1000,0.05,115.092,0.057546,1000,965,35,1000,948,52
68,83,0.5,0.05,0.95,"M7",1000,0.05,547.558,0.273779,994,967,27,998,813,185
68,83,0.5,0.05,0.95,"M7b",1000,0.05,552.355,0.2761775,940,911,29,928,819,109
