"H","V","E","low_bound","high_bound","method","reps","alpha","runtime","runtime_scaled","P","TP","FN","N","TN","FP"
31,232,0.6225,0.05,0.95,"M4",1000,0.05,299.301,0.1496505,1000,939,61,1000,965,35
31,232,0.6225,0.05,0.95,"M4b",1000,0.05,299.676,0.149838,1000,930,70,1000,970,30
31,232,0.6225,0.05,0.95,"M5",1000,0.05,64.078,0.032039,1000,980,20,1000,946,54
31,232,0.6225,0.05,0.95,"M6",1000,0.05,144.975,0.0724875,1000,984,16,1000,939,61
31,232,0.6225,0.05,0.95,"M7",1000,0.05,270.411,0.1352055,991,990,1,999,832,167
31,232,0.6225,0.05,0.95,"M7b",1000,0.05,274.381,0.1371905,975,971,4,988,850,138
