"H","V","E","low_bound","high_bound","method","reps","alpha","runtime","runtime_scaled","P","TP","FN","N","TN","FP"
46,108,0.01,0.05,0.95,"M4",1000,0.05,714.984,0.357492,1000,44,956,1000,959,41
46,108,0.01,0.05,0.95,"M4b",1000,0.05,718.121,0.3590605,996,39,957,991,957,34
46,108,0.01,0.05,0.95,"M5",1000,0.05,60.0160000000001,0.030008,1000,54,946,1000,935,65
46,108,0.01,0.05,0.95,"M6",1000,0.05,133.898,0.0669490000000001,1000,72,928,1000,945,55
46,108,0.01,0.05,0.95,"M7",1000,0.05,737.304,0.368652,993,168,825,998,829,169
46,108,0.01,0.05,0.95,"M7b",1000,0.05,747.008,0.373504,945,124,821,946,848,98
