"H","V","E","low_bound","high_bound","method","reps","alpha","runtime","runtime_scaled","P","TP","FN","N","TN","FP"
3,83,0.255,0.05,0.95,"M4",1000,0.05,44.012,0.022006,1000,89,911,1000,994,6
3,83,0.255,0.05,0.95,"M4b",1000,0.05,45.287,0.0226435,964,49,915,966,950,16
3,83,0.255,0.05,0.95,"M5",1000,0.05,10.438,0.005219,1000,303,697,1000,961,39
3,83,0.255,0.05,0.95,"M6",1000,0.05,19.148,0.009574,1000,337,663,1000,943,57
3,83,0.255,0.05,0.95,"M7",1000,0.05,44.306,0.022153,945,327,618,938,782,156
3,83,0.255,0.05,0.95,"M7b",1000,0.05,45.714,0.022857,922,329,593,925,727,198
