"H","V","E","low_bound","high_bound","method","reps","alpha","runtime","runtime_scaled","P","TP","FN","N","TN","FP"
31,387,0.8675,0.05,0.95,"M4",1000,0.05,506.087,0.2530435,1000,992,8,1000,963,37
31,387,0.8675,0.05,0.95,"M4b",1000,0.05,496.52,0.24826,1000,990,10,1000,966,34
31,387,0.8675,0.05,0.95,"M5",1000,0.05,125.835,0.0629175,1000,997,3,1000,955,45
31,387,0.8675,0.05,0.95,"M6",1000,0.05,289.495,0.1447475,1000,1000,0,1000,945,55
31,387,0.8675,0.05,0.95,"M7",1000,0.05,435.954,0.217977,988,988,0,999,834,165
31,387,0.8675,0.05,0.95,"M7b",1000,0.05,438.017,0.2190085,970,970,0,993,838,155
