"H","V","E","low_bound","high_bound","method","reps","alpha","runtime","runtime_scaled","P","TP","FN","N","TN","FP"
14,232,0.01,0.05,0.95,"M4",1000,0.05,198.159,0.0990795,1000,31,969,1000,968,32
14,232,0.01,0.05,0.95,"M4b",1000,0.05,194.473,0.0972365,1000,23,977,1000,984,16
14,232,0.01,0.05,0.95,"M5",1000,0.05,39.843,0.0199215,1000,56,944,1000,957,43
14,232,0.01,0.05,0.95,"M6",1000,0.05,87.662,0.043831,1000,52,948,1000,945,55
14,232,0.01,0.05,0.95,"M7",1000,0.05,185.209,0.0926045,990,157,833,995,843,152
14,232,0.01,0.05,0.95,"M7b",1000,0.05,186.64,0.09332,980,135,845,983,844,139
