"H","V","E","low_bound","high_bound","method","reps","alpha","runtime","runtime_scaled","P","TP","FN","N","TN","FP"
3,108,0.1325,0.05,0.95,"M4",1000,0.05,54.009,0.0270045,1000,38,962,1000,994,6
3,108,0.1325,0.05,0.95,"M4b",1000,0.05,54.851,0.0274255,985,30,955,990,974,16
3,108,0.1325,0.05,0.95,"M5",1000,0.05,11.842,0.005921,1000,116,884,1000,962,38
3,108,0.1325,0.05,0.95,"M6",1000,0.05,22.379,0.0111895,1000,152,848,1000,943,57
3,108,0.1325,0.05,0.95,"M7",1000,0.05,54.143,0.0270715,939,219,720,946,777,169
3,108,0.1325,0.05,0.95,"M7b",1000,0.05,54.354,0.027177,930,213,717,936,761,175
