"H","V","E","low_bound","high_bound","method","reps","alpha","runtime","runtime_scaled","P","TP","FN","N","TN","FP"
68,139,0.99,0.05,0.95,"M4",1000,0.05,1923.5,0.96175,1000,1000,0,1000,951,49
68,139,0.99,0.05,0.95,"M4b",1000,0.05,1899.215,0.9496075,1000,1000,0,1000,971,29
68,139,0.99,0.05,0.95,"M5",1000,0.05,237.932,0.118966,1000,1000,0,1000,959,41
68,139,0.99,0.05,0.95,"M6",1000,0.05,569.855,0.2849275,1000,1000,0,1000,944,56
68,139,0.99,0.05,0.95,"M7",1000,0.05,1982.26,0.99113,970,970,0,1000,846,154
68,139,0.99,0.05,0.95,"M7b",1000,0.05,1968.957,0.984478500000001,939,939,0,972,862,110
