"H","V","E","low_bound","high_bound","method","reps","alpha","runtime","runtime_scaled","P","TP","FN","N","TN","FP"
68,387,0.745,0.05,0.95,"M4",1000,0.05,2798.333,1.3991665,1000,988,12,1000,959,41
68,387,0.745,0.05,0.95,"M4b",1000,0.05,2751.367,1.3756835,1000,991,9,1000,955,45
68,387,0.745,0.05,0.95,"M5",1000,0.05,677.701,0.3388505,1000,994,6,1000,938,62
68,387,0.745,0.05,0.95,"M6",1000,0.05,1591.051,0.7955255,1000,998,2,1000,946,54
68,387,0.745,0.05,0.95,"M7",1000,0.05,2311.27,1.155635,992,992,0,996,850,146
68,387,0.745,0.05,0.95,"M7b",1000,0.05,2316.797,1.1583985,969,969,0,997,839,158
