"H","V","E","low_bound","high_bound","method","reps","alpha","runtime","runtime_scaled","P","TP","FN","N","TN","FP"
14,139,0.255,0.05,0.95,"M4",1000,0.05,385.234,0.192617,1000,515,485,1000,976,24
14,139,0.255,0.05,0.95,"M4b",1000,0.05,378.406,0.189203,995,478,517,997,962,35
14,139,0.255,0.05,0.95,"M5",1000,0.05,56.1950000000001,0.0280975,1000,837,163,1000,941,59
14,139,0.255,0.05,0.95,"M6",1000,0.05,120.065,0.0600325,1000,848,152,1000,957,43
14,139,0.255,0.05,0.95,"M7",1000,0.05,355.805,0.1779025,987,771,216,984,818,166
14,139,0.255,0.05,0.95,"M7b",1000,0.05,360.385,0.1801925,966,764,202,962,846,116
