"H","V","E","low_bound","high_bound","method","reps","alpha","runtime","runtime_scaled","P","TP","FN","N","TN","FP"
7,139,0.745,0.05,0.95,"M4",1000,0.05,66.169,0.0330845,1000,949,51,1000,978,22
7,139,0.745,0.05,0.95,"M4b",1000,0.05,66.743,0.0333715,997,959,38,1000,967,33
7,139,0.745,0.05,0.95,"M5",1000,0.05,14.084,0.007042,1000,966,34,1000,960,40
7,139,0.745,0.05,0.95,"M6",1000,0.05,29.571,0.0147855,1000,972,28,1000,953,47
7,139,0.745,0.05,0.95,"M7",1000,0.05,64.003,0.0320015,979,974,5,983,807,176
7,139,0.745,0.05,0.95,"M7b",1000,0.05,64.142,0.032071,963,960,3,946,791,155
