"H","V","E","low_bound","high_bound","method","reps","alpha","runtime","runtime_scaled","P","TP","FN","N","TN","FP"
10,387,0.745,0.05,0.95,"M4",1000,0.05,315.087,0.1575435,1000,971,29,1000,966,34
10,387,0.745,0.05,0.95,"M4b",1000,0.05,313.77,0.156885,1000,970,30,1000,979,21
10,387,0.745,0.05,0.95,"M5",1000,0.05,95.6189999999999,0.0478095,1000,987,13,1000,940,60
10,387,0.745,0.05,0.95,"M6",1000,0.05,211.209,0.1056045,1000,989,11,1000,954,46
10,387,0.745,0.05,0.95,"M7",1000,0.05,271.515,0.1357575,981,981,0,994,858,136
10,387,0.745,0.05,0.95,"M7b",1000,0.05,273.779,0.1368895,969,969,0,990,836,154
