"H","V","E","low_bound","high_bound","method","reps","alpha","runtime","runtime_scaled","P","TP","FN","N","TN","FP"
10,139,0.745,0.05,0.95,"M4",1000,0.05,128.248,0.064124,1000,949,51,1000,973,27
10,139,0.745,0.05,0.95,"M4b",1000,0.05,128.589,0.0642945,1000,965,35,999,977,22
10,139,0.745,0.05,0.95,"M5",1000,0.05,21.313,0.0106565,1000,965,35,1000,948,52
10,139,0.745,0.05,0.95,"M6",1000,0.05,43.97,0.021985,1000,964,36,1000,944,56
10,139,0.745,0.05,0.95,"M7",1000,0.05,127.372,0.063686,979,977,2,983,825,158
10,139,0.745,0.05,0.95,"M7b",1000,0.05,126.916,0.063458,960,957,3,944,815,129
