"H","V","E","low_bound","high_bound","method","reps","alpha","runtime","runtime_scaled","P","TP","FN","N","TN","FP"
10,300,0.3775,0.05,0.95,"M4",1000,0.05,300.933,0.1504665,1000,881,119,1000,975,25
10,300,0.3775,0.05,0.95,"M4b",1000,0.05,302.851,0.1514255,1000,858,142,1000,977,23
10,300,0.3775,0.05,0.95,"M5",1000,0.05,81.478,0.040739,1000,906,94,1000,960,40
10,300,0.3775,0.05,0.95,"M6",1000,0.05,178.736,0.089368,1000,906,94,1000,954,46
10,300,0.3775,0.05,0.95,"M7",1000,0.05,268.638,0.134319,989,971,18,995,838,157
10,300,0.3775,0.05,0.95,"M7b",1000,0.05,262.283,0.1311415,972,956,16,989,839,150
