"H","V","E","low_bound","high_bound","method","reps","alpha","runtime","runtime_scaled","P","TP","FN","N","TN","FP"
4,83,0.255,0.05,0.95,"M4",1000,0.05,69.256,0.034628,1000,123,877,1000,983,17
4,83,0.255,0.05,0.95,"M4b",1000,0.05,70.959,0.0354795,972,109,863,969,940,29
4,83,0.255,0.05,0.95,"M5",1000,0.05,11.684,0.005842,1000,386,614,1000,954,46
4,83,0.255,0.05,0.95,"M6",1000,0.05,22.032,0.011016,1000,408,592,1000,951,49
4,83,0.255,0.05,0.95,"M7",1000,0.05,71.379,0.0356895,945,376,569,950,793,157
4,83,0.255,0.05,0.95,"M7b",1000,0.05,73.353,0.0366765,925,333,592,919,755,164
