"H","V","E","low_bound","high_bound","method","reps","alpha","runtime","runtime_scaled","P","TP","FN","N","TN","FP"
68,387,0.1325,0.05,0.95,"M4",1000,0.05,2920.072,1.460036,1000,736,264,1000,957,43
68,387,0.1325,0.05,0.95,"M4b",1000,0.05,2809.746,1.404873,1000,736,264,1000,965,35
68,387,0.1325,0.05,0.95,"M5",1000,0.05,726.256,0.363128,1000,888,112,1000,958,42
68,387,0.1325,0.05,0.95,"M6",1000,0.05,1646.211,0.8231055,1000,871,129,1000,956,44
68,387,0.1325,0.05,0.95,"M7",1000,0.05,2341.545,1.1707725,998,932,66,998,846,152
68,387,0.1325,0.05,0.95,"M7b",1000,0.05,2256.2,1.1281,996,957,39,996,864,132
