"H","V","E","low_bound","high_bound","method","reps","alpha","runtime","runtime_scaled","P","TP","FN","N","TN","FP"
7,180,0.6225,0.05,0.95,"M4",1000,0.05,95.828,0.047914,1000,914,86,1000,969,31
7,180,0.6225,0.05,0.95,"M4b",1000,0.05,96.305,0.0481525,1000,918,82,1000,976,24
7,180,0.6225,0.05,0.95,"M5",1000,0.05,19.295,0.00964749999999999,1000,937,63,1000,962,38
7,180,0.6225,0.05,0.95,"M6",1000,0.05,38.764,0.019382,1000,952,48,1000,944,56
7,180,0.6225,0.05,0.95,"M7",1000,0.05,94.196,0.047098,973,963,10,989,854,135
7,180,0.6225,0.05,0.95,"M7b",1000,0.05,94.449,0.0472245,956,949,7,963,830,133
