"H","V","E","low_bound","high_bound","method","reps","alpha","runtime","runtime_scaled","P","TP","FN","N","TN","FP"
10,300,0.99,0.05,0.95,"M4",1000,0.05,301.228,0.150614,1000,1000,0,1000,970,30
10,300,0.99,0.05,0.95,"M4b",1000,0.05,299.979,0.1499895,1000,1000,0,1000,970,30
10,300,0.99,0.05,0.95,"M5",1000,0.05,74.603,0.0373015,1000,1000,0,1000,951,49
10,300,0.99,0.05,0.95,"M6",1000,0.05,167.003,0.0835015,1000,1000,0,1000,957,43
10,300,0.99,0.05,0.95,"M7",1000,0.05,262.614,0.131307,971,971,0,992,839,153
10,300,0.99,0.05,0.95,"M7b",1000,0.05,263.228,0.131614,951,951,0,982,823,159
