"H","V","E","low_bound","high_bound","method","reps","alpha","runtime","runtime_scaled","P","TP","FN","N","TN","FP"
68,65,0.1325,0.05,0.95,"M4",1000,0.05,1729.334,0.864667,1000,129,871,1000,956,44
68,65,0.1325,0.05,0.95,"M4b",1000,0.05,1743.835,0.8719175,907,44,863,916,885,31
68,65,0.1325,0.05,0.95,"M5",1000,0.05,114.641,0.0573205,1000,731,269,1000,940,60
68,65,0.1325,0.05,0.95,"M6",1000,0.05,258.417,0.1292085,1000,731,269,1000,950,50
68,65,0.1325,0.05,0.95,"M7",1000,0.05,1769.594,0.884797,989,366,623,992,803,189
68,65,0.1325,0.05,0.95,"M7b",1000,0.05,1758.883,0.8794415,915,242,673,925,809,116
