"H","V","E","low_bound","high_bound","method","reps","alpha","runtime","runtime_scaled","P","TP","FN","N","TN","FP"
7,50,0.99,0.05,0.95,"M4",1000,0.05,84.811,0.0424055,1000,1000,0,1000,970,30
7,50,0.99,0.05,0.95,"M4b",1000,0.05,87.107,0.0435535,1000,1000,0,911,891,20
7,50,0.99,0.05,0.95,"M5",1000,0.05,10.195,0.0050975,1000,1000,0,1000,959,41
7,50,0.99,0.05,0.95,"M6",1000,0.05,18.695,0.0093475,1000,1000,0,1000,935,65
7,50,0.99,0.05,0.95,"M7",1000,0.05,89.255,0.0446275,965,965,0,957,829,128
7,50,0.99,0.05,0.95,"M7b",1000,0.05,92.001,0.0460005,913,913,0,904,797,107
