"H","V","E","low_bound","high_bound","method","reps","alpha","runtime","runtime_scaled","P","TP","FN","N","TN","FP"
21,180,0.745,0.05,0.95,"M4",1000,0.05,251.59,0.125795,1000,964,36,1000,969,31
21,180,0.745,0.05,0.95,"M4b",1000,0.05,244.693,0.1223465,1000,962,38,1000,977,23
21,180,0.745,0.05,0.95,"M5",1000,0.05,46.869,0.0234345,1000,988,12,1000,951,49
21,180,0.745,0.05,0.95,"M6",1000,0.05,104.891,0.0524455,1000,990,10,1000,957,43
21,180,0.745,0.05,0.95,"M7",1000,0.05,232.481,0.1162405,982,981,1,997,827,170
21,180,0.745,0.05,0.95,"M7b",1000,0.05,237.484,0.118742,955,952,3,967,839,128
