"H","V","E","low_bound","high_bound","method","reps","alpha","runtime","runtime_scaled","P","TP","FN","N","TN","FP"
46,387,0.8675,0.05,0.95,"M4",1000,0.05,1634.012,0.817006,1000,998,2,1000,963,37
46,387,0.8675,0.05,0.95,"M4b",1000,0.05,1653.467,0.8267335,1000,995,5,1000,967,33
46,387,0.8675,0.05,0.95,"M5",1000,0.05,427.598,0.213799,1000,996,4,1000,952,48
46,387,0.8675,0.05,0.95,"M6",1000,0.05,1004.882,0.502441,1000,998,2,1000,949,51
46,387,0.8675,0.05,0.95,"M7",1000,0.05,1435.191,0.7175955,984,984,0,999,845,154
46,387,0.8675,0.05,0.95,"M7b",1000,0.05,1447.37,0.723685,979,979,0,997,867,130
