"H","V","E","low_bound","high_bound","method","reps","alpha","runtime","runtime_scaled","P","TP","FN","N","TN","FP"
14,300,0.3775,0.05,0.95,"M4",1000,0.05,250.096,0.125048,1000,862,138,1000,971,29
14,300,0.3775,0.05,0.95,"M4b",1000,0.05,244.987,0.1224935,1000,861,139,1000,972,28
14,300,0.3775,0.05,0.95,"M5",1000,0.05,50.4760000000001,0.025238,1000,920,80,1000,949,51
14,300,0.3775,0.05,0.95,"M6",1000,0.05,112.967,0.0564835,1000,926,74,1000,952,48
14,300,0.3775,0.05,0.95,"M7",1000,0.05,230.128,0.115064,997,978,19,998,854,144
14,300,0.3775,0.05,0.95,"M7b",1000,0.05,229.587,0.1147935,973,962,11,985,833,152
