"H","V","E","low_bound","high_bound","method","reps","alpha","runtime","runtime_scaled","P","TP","FN","N","TN","FP"
4,232,0.99,0.05,0.95,"M4",1000,0.05,122.016,0.061008,1000,1000,0,1000,984,16
4,232,0.99,0.05,0.95,"M4b",1000,0.05,117.53,0.058765,1000,999,1,1000,989,11
4,232,0.99,0.05,0.95,"M5",1000,0.05,32.427,0.0162135,1000,1000,0,1000,958,42
4,232,0.99,0.05,0.95,"M6",1000,0.05,67.116,0.033558,1000,1000,0,1000,953,47
4,232,0.99,0.05,0.95,"M7",1000,0.05,110.505,0.0552525,965,965,0,971,822,149
4,232,0.99,0.05,0.95,"M7b",1000,0.05,112.264,0.056132,943,943,0,961,832,129
