"H","V","E","low_bound","high_bound","method","reps","alpha","runtime","runtime_scaled","P","TP","FN","N","TN","FP"
31,180,0.745,0.05,0.95,"M4",1000,0.05,270.912,0.135456,1000,960,40,1000,959,41
31,180,0.745,0.05,0.95,"M4b",1000,0.05,272.777,0.1363885,1000,953,47,1000,968,32
31,180,0.745,0.05,0.95,"M5",1000,0.05,49.121,0.0245605,1000,997,3,1000,962,38
31,180,0.745,0.05,0.95,"M6",1000,0.05,111.318,0.055659,1000,994,6,1000,955,45
31,180,0.745,0.05,0.95,"M7",1000,0.05,248.513,0.1242565,982,979,3,998,807,191
31,180,0.745,0.05,0.95,"M7b",1000,0.05,248.597,0.1242985,967,965,2,968,829,139
