"H","V","E","low_bound","high_bound","method","reps","alpha","runtime","runtime_scaled","P","TP","FN","N","TN","FP"
68,65,0.99,0.05,0.95,"M4",1000,0.05,576.238,0.288119,1000,1000,0,1000,961,39
68,65,0.99,0.05,0.95,"M4b",1000,0.05,573.461,0.2867305,1000,1000,0,906,889,17
68,65,0.99,0.05,0.95,"M5",1000,0.05,42.6320000000001,0.021316,1000,1000,0,1000,948,52
68,65,0.99,0.05,0.95,"M6",1000,0.05,96.1219999999998,0.0480609999999999,1000,1000,0,1000,948,52
68,65,0.99,0.05,0.95,"M7",1000,0.05,609.98,0.30499,957,957,0,991,816,175
68,65,0.99,0.05,0.95,"M7b",1000,0.05,620.661,0.3103305,927,927,0,915,824,91
