"H","V","E","low_bound","high_bound","method","reps","alpha","runtime","runtime_scaled","P","TP","FN","N","TN","FP"
68,108,0.745,0.05,0.95,"M4",1000,0.05,1803.756,0.901878,1000,966,34,1000,959,41
68,108,0.745,0.05,0.95,"M4b",1000,0.05,1848.914,0.924457,998,951,47,993,964,29
68,108,0.745,0.05,0.95,"M5",1000,0.05,184.596,0.092298,1000,992,8,1000,950,50
68,108,0.745,0.05,0.95,"M6",1000,0.05,415.057,0.2075285,1000,991,9,1000,947,53
68,108,0.745,0.05,0.95,"M7",1000,0.05,1850.965,0.9254825,984,980,4,994,803,191
68,108,0.745,0.05,0.95,"M7b",1000,0.05,1883.286,0.941643,961,955,6,944,826,118
