"H","V","E","low_bound","high_bound","method","reps","alpha","runtime","runtime_scaled","P","TP","FN","N","TN","FP"
14,83,0.745,0.05,0.95,"M4",1000,0.05,172.194,0.086097,1000,957,43,1000,967,33
14,83,0.745,0.05,0.95,"M4b",1000,0.05,175.035,0.0875175,980,946,34,952,914,38
14,83,0.745,0.05,0.95,"M5",1000,0.05,18.717,0.00935849999999999,1000,974,26,1000,956,44
14,83,0.745,0.05,0.95,"M6",1000,0.05,37.93,0.018965,1000,981,19,1000,955,45
14,83,0.745,0.05,0.95,"M7",1000,0.05,176.396,0.088198,972,964,8,984,825,159
14,83,0.745,0.05,0.95,"M7b",1000,0.05,177.879,0.0889395,952,946,6,940,798,142
