"H","V","E","low_bound","high_bound","method","reps","alpha","runtime","runtime_scaled","P","TP","FN","N","TN","FP"
7,65,0.255,0.05,0.95,"M4",1000,0.05,89.756,0.044878,1000,120,880,1000,970,30
7,65,0.255,0.05,0.95,"M4b",1000,0.05,89.989,0.0449945,930,81,849,925,900,25
7,65,0.255,0.05,0.95,"M5",1000,0.05,11.988,0.005994,1000,501,499,1000,951,49
7,65,0.255,0.05,0.95,"M6",1000,0.05,23.166,0.011583,1000,502,498,1000,957,43
7,65,0.255,0.05,0.95,"M7",1000,0.05,89.325,0.0446625,964,334,630,962,825,137
7,65,0.255,0.05,0.95,"M7b",1000,0.05,92.388,0.046194,923,320,603,924,808,116
