"H","V","E","low_bound","high_bound","method","reps","alpha","runtime","runtime_scaled","P","TP","FN","N","TN","FP"
46,65,0.01,0.05,0.95,"M4",1000,0.05,696.892,0.348446,1000,39,961,1000,967,33
46,65,0.01,0.05,0.95,"M4b",1000,0.05,690.716,0.345358,922,21,901,921,901,20
46,65,0.01,0.05,0.95,"M5",1000,0.05,38.6860000000001,0.0193430000000001,1000,56,944,1000,956,44
46,65,0.01,0.05,0.95,"M6",1000,0.05,83.6669999999999,0.0418335,1000,58,942,1000,949,51
46,65,0.01,0.05,0.95,"M7",1000,0.05,705.034,0.352517,991,161,830,997,836,161
46,65,0.01,0.05,0.95,"M7b",1000,0.05,722.632,0.361316,910,108,802,919,809,110
