"H","V","E","low_bound","high_bound","method","reps","alpha","runtime","runtime_scaled","P","TP","FN","N","TN","FP"
4,83,0.6225,0.05,0.95,"M4",1000,0.05,67.757,0.0338785,1000,876,124,1000,984,16
4,83,0.6225,0.05,0.95,"M4b",1000,0.05,69.284,0.034642,967,835,132,961,941,20
4,83,0.6225,0.05,0.95,"M5",1000,0.05,11.632,0.005816,1000,914,86,1000,951,49
4,83,0.6225,0.05,0.95,"M6",1000,0.05,21.648,0.010824,1000,925,75,1000,945,55
4,83,0.6225,0.05,0.95,"M7",1000,0.05,70.035,0.0350175,945,927,18,953,817,136
4,83,0.6225,0.05,0.95,"M7b",1000,0.05,72.147,0.0360735,948,932,16,909,737,172
