"H","V","E","low_bound","high_bound","method","reps","alpha","runtime","runtime_scaled","P","TP","FN","N","TN","FP"
100,300,0.745,0.05,0.95,"M4",1000,0.05,2214.497,1.1072485,1000,986,14,1000,960,40
100,300,0.745,0.05,0.95,"M4b",1000,0.05,2200.153,1.1000765,1000,980,20,1000,963,37
100,300,0.745,0.05,0.95,"M5",1000,0.05,357.715999999999,0.178858,1000,994,6,1000,951,49
100,300,0.745,0.05,0.95,"M6",1000,0.05,805.873000000001,0.4029365,1000,997,3,1000,964,36
100,300,0.745,0.05,0.95,"M7",1000,0.05,2046.99,1.023495,990,990,0,999,860,139
100,300,0.745,0.05,0.95,"M7b",1000,0.05,2066.551,1.0332755,965,963,2,998,858,140
