"H","V","E","low_bound","high_bound","method","reps","alpha","runtime","runtime_scaled","P","TP","FN","N","TN","FP"
21,50,0.1325,0.05,0.95,"M4",1000,0.05,515.952,0.257976,1000,54,946,999,953,46
21,50,0.1325,0.05,0.95,"M4b",1000,0.05,520.628,0.260314,905,39,866,887,860,27
21,50,0.1325,0.05,0.95,"M5",1000,0.05,36.1130000000001,0.0180565,1000,315,685,1000,950,50
21,50,0.1325,0.05,0.95,"M6",1000,0.05,74.8419999999999,0.0374209999999999,1000,292,708,1000,952,48
21,50,0.1325,0.05,0.95,"M7",1000,0.05,515.948,0.257974,982,212,770,987,834,153
21,50,0.1325,0.05,0.95,"M7b",1000,0.05,531.46,0.26573,912,149,763,913,823,90
