"H","V","E","low_bound","high_bound","method","reps","alpha","runtime","runtime_scaled","P","TP","FN","N","TN","FP"
4,83,0.99,0.05,0.95,"M4",1000,0.05,55.655,0.0278275,1000,1000,0,1000,990,10
4,83,0.99,0.05,0.95,"M4b",1000,0.05,56.975,0.0284875,1000,1000,0,947,916,31
4,83,0.99,0.05,0.95,"M5",1000,0.05,10.473,0.0052365,1000,1000,0,1000,958,42
4,83,0.99,0.05,0.95,"M6",1000,0.05,19.553,0.00977649999999999,1000,1000,0,1000,934,66
4,83,0.99,0.05,0.95,"M7",1000,0.05,57.022,0.028511,962,962,0,946,779,167
4,83,0.99,0.05,0.95,"M7b",1000,0.05,58.424,0.029212,929,929,0,902,737,165
