"H","V","E","low_bound","high_bound","method","reps","alpha","runtime","runtime_scaled","P","TP","FN","N","TN","FP"
10,65,0.99,0.05,0.95,"M4",1000,0.05,239.706,0.119853,1000,1000,0,1000,964,36
10,65,0.99,0.05,0.95,"M4b",1000,0.05,244.799,0.1223995,1000,1000,0,938,913,25
10,65,0.99,0.05,0.95,"M5",1000,0.05,26.281,0.0131405,1000,1000,0,1000,951,49
10,65,0.99,0.05,0.95,"M6",1000,0.05,53.945,0.0269725,1000,1000,0,1000,959,41
10,65,0.99,0.05,0.95,"M7",1000,0.05,258.112,0.129056,958,958,0,968,811,157
10,65,0.99,0.05,0.95,"M7b",1000,0.05,256.929,0.1284645,942,942,0,919,786,133
