"H","V","E","low_bound","high_bound","method","reps","alpha","runtime","runtime_scaled","P","TP","FN","N","TN","FP"
46,83,0.8675,0.05,0.95,"M4",1000,0.05,671.057,0.3355285,1000,987,13,1000,964,36
46,83,0.8675,0.05,0.95,"M4b",1000,0.05,668.942,0.334471,993,977,16,961,923,38
46,83,0.8675,0.05,0.95,"M5",1000,0.05,45.0049999999999,0.0225024999999999,1000,996,4,1000,948,52
46,83,0.8675,0.05,0.95,"M6",1000,0.05,99.3810000000001,0.0496905,1000,997,3,1000,941,59
46,83,0.8675,0.05,0.95,"M7",1000,0.05,705.862,0.352931,977,975,2,991,813,178
46,83,0.8675,0.05,0.95,"M7b",1000,0.05,717.968,0.358984,959,957,2,934,826,108
