"H","V","E","low_bound","high_bound","method","reps","alpha","runtime","runtime_scaled","P","TP","FN","N","TN","FP"
68,139,0.255,0.05,0.95,"M4",1000,0.05,1891.418,0.945709,1000,839,161,1000,957,43
68,139,0.255,0.05,0.95,"M4b",1000,0.05,1829.491,0.9147455,1000,794,206,1000,978,22
68,139,0.255,0.05,0.95,"M5",1000,0.05,224.508,0.112254,1000,904,96,1000,960,40
68,139,0.255,0.05,0.95,"M6",1000,0.05,506.046,0.253023,1000,921,79,1000,950,50
68,139,0.255,0.05,0.95,"M7",1000,0.05,1778.128,0.889064,995,947,48,996,836,160
68,139,0.255,0.05,0.95,"M7b",1000,0.05,1800.275,0.9001375,966,913,53,967,852,115
