"H","V","E","low_bound","high_bound","method","reps","alpha","runtime","runtime_scaled","P","TP","FN","N","TN","FP"
68,180,0.745,0.05,0.95,"M4",1000,0.05,2107.082,1.053541,1000,979,21,1000,953,47
68,180,0.745,0.05,0.95,"M4b",1000,0.05,2050.195,1.0250975,1000,961,39,1000,969,31
68,180,0.745,0.05,0.95,"M5",1000,0.05,323.819,0.1619095,1000,999,1,1000,951,49
68,180,0.745,0.05,0.95,"M6",1000,0.05,740.839,0.3704195,1000,994,6,1000,955,45
68,180,0.745,0.05,0.95,"M7",1000,0.05,2031.563,1.0157815,987,986,1,997,828,169
68,180,0.745,0.05,0.95,"M7b",1000,0.05,2021.628,1.010814,960,959,1,983,855,128
