"H","V","E","low_bound","high_bound","method","reps","alpha","runtime","runtime_scaled","P","TP","FN","N","TN","FP"
3,232,0.6225,0.05,0.95,"M4",1000,0.05,62.558,0.031279,1000,907,93,1000,988,12
3,232,0.6225,0.05,0.95,"M4b",1000,0.05,62.612,0.031306,1000,909,91,1000,989,11
3,232,0.6225,0.05,0.95,"M5",1000,0.05,17.326,0.008663,1000,922,78,1000,960,40
3,232,0.6225,0.05,0.95,"M6",1000,0.05,34.947,0.0174735,1000,928,72,1000,951,49
3,232,0.6225,0.05,0.95,"M7",1000,0.05,58.818,0.029409,967,959,8,969,821,148
3,232,0.6225,0.05,0.95,"M7b",1000,0.05,58.475,0.0292375,940,934,6,940,814,126
