"H","V","E","low_bound","high_bound","method","reps","alpha","runtime","runtime_scaled","P","TP","FN","N","TN","FP"
14,300,0.01,0.05,0.95,"M4",1000,0.05,141.015,0.0705075,1000,31,969,1000,980,20
14,300,0.01,0.05,0.95,"M4b",1000,0.05,141.407,0.0707035,1000,32,968,1000,974,26
14,300,0.01,0.05,0.95,"M5",1000,0.05,41.28,0.02064,1000,51,949,1000,947,53
14,300,0.01,0.05,0.95,"M6",1000,0.05,92.682,0.046341,1000,57,943,1000,961,39
14,300,0.01,0.05,0.95,"M7",1000,0.05,123.243,0.0616215,995,156,839,998,854,144
14,300,0.01,0.05,0.95,"M7b",1000,0.05,124.134,0.062067,989,138,851,981,827,154
