"H","V","E","low_bound","high_bound","method","reps","alpha","runtime","runtime_scaled","P","TP","FN","N","TN","FP"
68,50,0.99,0.05,0.95,"M4",1000,0.05,1658.396,0.829198,1000,1000,0,1000,966,34
68,50,0.99,0.05,0.95,"M4b",1000,0.05,1630.377,0.8151885,1000,1000,0,916,901,15
68,50,0.99,0.05,0.95,"M5",1000,0.05,87.2909999999997,0.0436454999999999,1000,1000,0,1000,960,40
68,50,0.99,0.05,0.95,"M6",1000,0.05,197.394,0.0986970000000001,1000,1000,0,1000,954,46
68,50,0.99,0.05,0.95,"M7",1000,0.05,1716.485,0.8582425,960,960,0,989,841,148
68,50,0.99,0.05,0.95,"M7b",1000,0.05,1764.891,0.8824455,917,917,0,908,801,107
