"H","V","E","low_bound","high_bound","method","reps","alpha","runtime","runtime_scaled","P","TP","FN","N","TN","FP"
100,180,0.255,0.05,0.95,"M4",1000,0.05,1058.063,0.5290315,1000,868,132,1000,952,48
100,180,0.255,0.05,0.95,"M4b",1000,0.05,1052.634,0.526317,1000,853,147,1000,968,32
100,180,0.255,0.05,0.95,"M5",1000,0.05,159.073,0.0795364999999999,1000,923,77,1000,944,56
100,180,0.255,0.05,0.95,"M6",1000,0.05,367.464,0.183732,1000,947,53,1000,945,55
100,180,0.255,0.05,0.95,"M7",1000,0.05,987.407,0.4937035,997,964,33,999,857,142
100,180,0.255,0.05,0.95,"M7b",1000,0.05,990.163,0.4950815,982,953,29,980,852,128
