"H","V","E","low_bound","high_bound","method","reps","alpha","runtime","runtime_scaled","P","TP","FN","N","TN","FP"
7,180,0.1325,0.05,0.95,"M4",1000,0.05,81.759,0.0408795,1000,90,910,1000,980,20
7,180,0.1325,0.05,0.95,"M4b",1000,0.05,82.531,0.0412655,1000,72,928,1000,975,25
7,180,0.1325,0.05,0.95,"M5",1000,0.05,21.019,0.0105095,1000,366,634,1000,957,43
7,180,0.1325,0.05,0.95,"M6",1000,0.05,45.201,0.0226005,1000,360,640,1000,951,49
7,180,0.1325,0.05,0.95,"M7",1000,0.05,74.723,0.0373615,983,288,695,981,818,163
7,180,0.1325,0.05,0.95,"M7b",1000,0.05,75.056,0.037528,969,238,731,961,814,147
