"H","V","E","low_bound","high_bound","method","reps","alpha","runtime","runtime_scaled","P","TP","FN","N","TN","FP"
100,65,0.8675,0.05,0.95,"M4",1000,0.05,1534.776,0.767388,1000,984,16,1000,954,46
100,65,0.8675,0.05,0.95,"M4b",1000,0.05,1515.708,0.757854,981,975,6,915,896,19
100,65,0.8675,0.05,0.95,"M5",1000,0.05,73.7850000000003,0.0368925000000002,1000,998,2,1000,961,39
100,65,0.8675,0.05,0.95,"M6",1000,0.05,166.341,0.0831705000000002,1000,998,2,1000,958,42
100,65,0.8675,0.05,0.95,"M7",1000,0.05,1613.497,0.8067485,977,971,6,997,787,210
100,65,0.8675,0.05,0.95,"M7b",1000,0.05,1646.979,0.8234895,952,948,4,918,812,106
