"H","V","E","low_bound","high_bound","method","reps","alpha","runtime","runtime_scaled","P","TP","FN","N","TN","FP"
31,139,0.99,0.05,0.95,"M4",1000,0.05,812.724,0.406362,1000,1000,0,1000,964,36
31,139,0.99,0.05,0.95,"M4b",1000,0.05,806.497,0.4032485,1000,1000,0,997,966,31
31,139,0.99,0.05,0.95,"M5",1000,0.05,104.113,0.0520565,1000,1000,0,1000,942,58
31,139,0.99,0.05,0.95,"M6",1000,0.05,236.415,0.1182075,1000,1000,0,1000,945,55
31,139,0.99,0.05,0.95,"M7",1000,0.05,822.191,0.4110955,959,959,0,995,839,156
31,139,0.99,0.05,0.95,"M7b",1000,0.05,834.39,0.417195,927,927,0,959,849,110
