"H","V","E","low_bound","high_bound","method","reps","alpha","runtime","runtime_scaled","P","TP","FN","N","TN","FP"
14,300,0.99,0.05,0.95,"M4",1000,0.05,200.329,0.1001645,1000,1000,0,1000,976,24
14,300,0.99,0.05,0.95,"M4b",1000,0.05,201.2,0.1006,1000,1000,0,1000,974,26
14,300,0.99,0.05,0.95,"M5",1000,0.05,43.99,0.021995,1000,1000,0,1000,952,48
14,300,0.99,0.05,0.95,"M6",1000,0.05,97.0820000000001,0.048541,1000,1000,0,1000,940,60
14,300,0.99,0.05,0.95,"M7",1000,0.05,189.508,0.094754,974,974,0,996,833,163
14,300,0.99,0.05,0.95,"M7b",1000,0.05,189.453,0.0947265,957,957,0,983,841,142
