"H","V","E","low_bound","high_bound","method","reps","alpha","runtime","runtime_scaled","P","TP","FN","N","TN","FP"
46,83,0.745,0.05,0.95,"M4",1000,0.05,672.775,0.3363875,1000,961,39,1000,956,44
46,83,0.745,0.05,0.95,"M4b",1000,0.05,677.476,0.338738,986,945,41,930,897,33
46,83,0.745,0.05,0.95,"M5",1000,0.05,45.855,0.0229275,1000,988,12,1000,947,53
46,83,0.745,0.05,0.95,"M6",1000,0.05,100.184,0.050092,1000,984,16,1000,946,54
46,83,0.745,0.05,0.95,"M7",1000,0.05,708.234,0.354117,984,975,9,993,804,189
46,83,0.745,0.05,0.95,"M7b",1000,0.05,720.425,0.3602125,952,942,10,937,813,124
