"H","V","E","low_bound","high_bound","method","reps","alpha","runtime","runtime_scaled","P","TP","FN","N","TN","FP"
10,180,0.6225,0.05,0.95,"M4",1000,0.05,161.32,0.08066,1000,941,59,1000,970,30
10,180,0.6225,0.05,0.95,"M4b",1000,0.05,157.264,0.078632,1000,921,79,1000,980,20
10,180,0.6225,0.05,0.95,"M5",1000,0.05,26.339,0.0131695,1000,945,55,1000,948,52
10,180,0.6225,0.05,0.95,"M6",1000,0.05,54.959,0.0274795,1000,943,57,1000,949,51
10,180,0.6225,0.05,0.95,"M7",1000,0.05,156.673,0.0783365,978,969,9,994,834,160
10,180,0.6225,0.05,0.95,"M7b",1000,0.05,157.507,0.0787535,960,948,12,968,856,112
