"H","V","E","low_bound","high_bound","method","reps","alpha","runtime","runtime_scaled","P","TP","FN","N","TN","FP"
31,500,0.99,0.05,0.95,"M4",1000,0.05,661.437,0.3307185,1000,1000,0,1000,954,46
31,500,0.99,0.05,0.95,"M4b",1000,0.05,661.457,0.3307285,1000,1000,0,1000,967,33
31,500,0.99,0.05,0.95,"M5",1000,0.05,169.444,0.084722,1000,1000,0,1000,959,41
31,500,0.99,0.05,0.95,"M6",1000,0.05,394.122,0.197061,1000,1000,0,1000,966,34
31,500,0.99,0.05,0.95,"M7",1000,0.05,575.657,0.2878285,983,983,0,998,863,135
31,500,0.99,0.05,0.95,"M7b",1000,0.05,577.993,0.2889965,956,956,0,996,850,146
