"H","V","E","low_bound","high_bound","method","reps","alpha","runtime","runtime_scaled","P","TP","FN","N","TN","FP"
100,50,0.3775,0.05,0.95,"M4",1000,0.05,1213.776,0.606888,1000,851,149,1000,977,23
100,50,0.3775,0.05,0.95,"M4b",1000,0.05,1233.553,0.6167765,906,675,231,899,876,23
100,50,0.3775,0.05,0.95,"M5",1000,0.05,53.4629999999997,0.0267314999999999,1000,927,73,1000,948,52
100,50,0.3775,0.05,0.95,"M6",1000,0.05,118.189,0.0590944999999999,1000,932,68,1000,958,42
100,50,0.3775,0.05,0.95,"M7",1000,0.05,1258.627,0.6293135,997,935,62,994,804,190
100,50,0.3775,0.05,0.95,"M7b",1000,0.05,1304.938,0.652469,925,890,35,919,818,101
