"H","V","E","low_bound","high_bound","method","reps","alpha","runtime","runtime_scaled","P","TP","FN","N","TN","FP"
4,387,0.01,0.05,0.95,"M4",1000,0.05,84.246,0.042123,1000,15,985,1000,989,11
4,387,0.01,0.05,0.95,"M4b",1000,0.05,82.348,0.041174,1000,14,986,1000,985,15
4,387,0.01,0.05,0.95,"M5",1000,0.05,26.239,0.0131195,1000,37,963,1000,969,31
4,387,0.01,0.05,0.95,"M6",1000,0.05,55.497,0.0277485,1000,65,935,1000,940,60
4,387,0.01,0.05,0.95,"M7",1000,0.05,73.278,0.036639,980,151,829,979,821,158
4,387,0.01,0.05,0.95,"M7b",1000,0.05,72.922,0.036461,974,129,845,966,824,142
