"H","V","E","low_bound","high_bound","method","reps","alpha","runtime","runtime_scaled","P","TP","FN","N","TN","FP"
14,139,0.6225,0.05,0.95,"M4",1000,0.05,358.457,0.1792285,1000,922,78,1000,971,29
14,139,0.6225,0.05,0.95,"M4b",1000,0.05,356.401,0.1782005,995,908,87,1000,972,28
14,139,0.6225,0.05,0.95,"M5",1000,0.05,53.583,0.0267915,1000,952,48,1000,957,43
14,139,0.6225,0.05,0.95,"M6",1000,0.05,114.298,0.057149,1000,955,45,1000,941,59
14,139,0.6225,0.05,0.95,"M7",1000,0.05,347.137,0.1735685,981,972,9,985,823,162
14,139,0.6225,0.05,0.95,"M7b",1000,0.05,352.293,0.1761465,956,945,11,961,829,132
